{
  "type": "minecraft:crafting_shaped",
  "pattern": [
    "012",
    "345",
    "678"
  ],
  "key": {
    "0": {
      "item": "minecraft:iron_ingot"
    },
    "1": {
      "item": "minecraft:iron_ingot"
    },
    "2": {
      "item": "minecraft:iron_ingot"
    },
    "3": {
      "tag": "ingots/steel"
    },
    "4": {
      "item": "sustainability_project:compactor_side"
    },
    "5": {
      "tag": "ingots/steel"
    },
    "6": {
      "tag": "ingots/steel"
    },
    "7": {
      "item": "minecraft:piston"
    },
    "8": {
      "tag": "ingots/steel"
    }
  },
  "result": {
    "item": "sustainability_project:mechanical_piston",
    "count": 1
  }
}