{
  "type": "minecraft:crafting_shapeless",
  "ingredients": [
    {
      "tag": "minecraft:sand"
    },
    {
      "tag": "minecraft:sand"
    },
    {
      "tag": "minecraft:sand"
    },
    {
      "tag": "minecraft:sand"
    },
    {
      "item": "sustainability_project:rebar"
    },
    {
      "item": "minecraft:gravel"
    },
    {
      "item": "minecraft:gravel"
    },
    {
      "item": "minecraft:gravel"
    },
    {
      "item": "minecraft:gravel"
    }
  ],
  "result": {
    "item": "sustainability_project:reinforced_concrete",
    "count": 4
  }
}