{
  "_fv": 24,
  "_type": "item",
  "definition": {
    "renderType": 0,
    "texture": "binbag",
    "customModelName": "Normal",
    "name": "Bin Bag",
    "rarity": "COMMON",
    "creativeTab": {
      "value": "CUSTOM:BadThings"
    },
    "stackSize": 1,
    "enchantability": 0,
    "useDuration": 0,
    "toolType": 1.0,
    "damageCount": 5,
    "recipeRemainder": {
      "value": ""
    },
    "destroyAnyBlock": false,
    "immuneToFire": true,
    "stayInGridWhenCrafting": false,
    "damageOnCrafting": false,
    "enableMeleeDamage": false,
    "damageVsEntity": 0.0,
    "specialInfo": [],
    "hasGlow": false,
    "guiBoundTo": "BinBagGUI",
    "inventorySize": 9,
    "inventoryStackSize": 64,
    "onRightClickedInAir": {
      "name": "BinBagGUIThisGUIIsOpened"
    },
    "onRightClickedOnBlock": {
      "name": "BinBagGUIThisGUIIsOpened"
    },
    "hasDispenseBehavior": false
  }
}