{
  "_fv": 24,
  "_type": "structure",
  "definition": {
    "structure": "bin",
    "randomlyRotateStructure": true,
    "surfaceDetectionType": "First motion blocking block",
    "spawnProbability": 250000,
    "minCountPerChunk": 1,
    "maxCountPerChunk": 2,
    "spawnLocation": "Ground",
    "spawnHeightOffset": 0,
    "spawnXOffset": 0,
    "spawnZOffset": 0,
    "spawnWorldTypes": [
      "Surface"
    ],
    "restrictionBlocks": [],
    "restrictionBiomes": [],
    "ignoreBlocks": "AIR_AND_STRUCTURE_BLOCK",
    "onStructureGenerated": {
      "name": "BinGeneratedOnStructureInstanceGenerated"
    }
  }
}