{
  "_fv": 24,
  "_type": "achievement",
  "definition": {
    "achievementName": "Compactor",
    "achievementDescription": "You can now compact waste",
    "achievementIcon": {
      "value": "CUSTOM:CompactorInterface"
    },
    "background": "Default",
    "disableDisplay": false,
    "showPopup": true,
    "announceToChat": true,
    "hideIfNotCompleted": true,
    "rewardLoot": [],
    "rewardRecipes": [],
    "rewardFunction": "No function",
    "rewardXP": 0,
    "achievementType": "challenge",
    "parent": {
      "value": "CUSTOM:Sustainability"
    },
    "triggerxml": "<xml xmlns=\"https://developers.google.com/blockly/xml\"><block type=\"custom_trigger\" x=\"50\" y=\"44\"><next><block type=\"advancement_trigger\" deletable=\"false\"></block></next></block></xml>"
  }
}