{
  "_fv": 24,
  "_type": "recipe",
  "definition": {
    "recipeType": "Crafting",
    "xpReward": 0.0,
    "cookingTime": 200,
    "recipeRetstackSize": 1,
    "group": "",
    "recipeShapeless": false,
    "recipeSlots": [
      {
        "value": "Items.IRON_INGOT"
      },
      {
        "value": "Items.IRON_INGOT"
      },
      {
        "value": "Items.IRON_INGOT"
      },
      {
        "value": "TAG:ingots/steel"
      },
      {
        "value": "CUSTOM:ComapctorSide"
      },
      {
        "value": "TAG:ingots/steel"
      },
      {
        "value": "TAG:ingots/steel"
      },
      {
        "value": "Blocks.PISTON"
      },
      {
        "value": "TAG:ingots/steel"
      }
    ],
    "recipeReturnStack": {
      "value": "CUSTOM:MechanicalPiston"
    },
    "name": "mechanical_piston_recipie",
    "namespace": "mod"
  }
}