{
  "_fv": 24,
  "_type": "item",
  "definition": {
    "renderType": 0,
    "texture": "multimeter",
    "customModelName": "Normal",
    "name": "Multimeter",
    "rarity": "RARE",
    "creativeTab": {
      "value": "CUSTOM:Items"
    },
    "stackSize": 1,
    "enchantability": 0,
    "useDuration": 0,
    "toolType": 1.0,
    "damageCount": 2048,
    "recipeRemainder": {
      "value": ""
    },
    "destroyAnyBlock": false,
    "immuneToFire": false,
    "stayInGridWhenCrafting": false,
    "damageOnCrafting": false,
    "enableMeleeDamage": false,
    "damageVsEntity": 0.0,
    "specialInfo": [],
    "hasGlow": false,
    "guiBoundTo": "<NONE>",
    "inventorySize": 9,
    "inventoryStackSize": 64,
    "onRightClickedOnBlock": {
      "name": "MultimeterRightClickedOnBlock"
    },
    "hasDispenseBehavior": false
  }
}