{
  "_fv": 24,
  "_type": "armor",
  "definition": {
    "enableHelmet": true,
    "textureHelmet": "oxygen_mask",
    "enableBody": true,
    "textureBody": "oxygen_tank",
    "enableLeggings": false,
    "textureLeggings": "",
    "enableBoots": false,
    "textureBoots": "",
    "creativeTab": {
      "value": "COMBAT"
    },
    "armorTextureFile": "oxygengear",
    "helmetName": "Oxygen Mask",
    "bodyName": "Oxygen Tank",
    "leggingsName": "Oxygen Gear Leggings",
    "bootsName": "Oxygen Gear Boots",
    "helmetSpecialInfo": [],
    "bodySpecialInfo": [],
    "leggingsSpecialInfo": [],
    "bootsSpecialInfo": [],
    "helmetModelName": "Modelsteve",
    "helmetModelPart": "bone2",
    "helmetModelTexture": "oxygen_gear_texture.png",
    "bodyModelName": "Modelsteve",
    "bodyModelPart": "bone",
    "armsModelPartL": "bone3",
    "armsModelPartR": "bone3",
    "bodyModelTexture": "oxygen_gear_texture.png",
    "leggingsModelName": "Default",
    "leggingsModelPartL": "Leggings L",
    "leggingsModelPartR": "Leggings R",
    "leggingsModelTexture": "From armor",
    "bootsModelName": "Default",
    "bootsModelPartL": "Boots L",
    "bootsModelPartR": "Boots R",
    "bootsModelTexture": "From armor",
    "helmetImmuneToFire": false,
    "bodyImmuneToFire": false,
    "leggingsImmuneToFire": false,
    "bootsImmuneToFire": false,
    "maxDamage": 25,
    "damageValueHelmet": 0,
    "damageValueBody": 0,
    "damageValueLeggings": 0,
    "damageValueBoots": 0,
    "enchantability": 9,
    "toughness": 0.0,
    "knockbackResistance": 0.0,
    "equipSound": {
      "value": "item.armor.equip_gold"
    },
    "repairItems": []
  }
}