{
  "_fv": 24,
  "_type": "food",
  "definition": {
    "renderType": 0,
    "texture": "bottleofpollutedwater",
    "customModelName": "Normal",
    "name": "Polluted Water Bottle",
    "rarity": "COMMON",
    "specialInfo": [
      "Gives you sickness for 8 seconds"
    ],
    "creativeTab": {
      "value": "CUSTOM:BadThings"
    },
    "stackSize": 1,
    "nutritionalValue": 0,
    "saturation": 0.0,
    "eatingSpeed": 32,
    "resultItem": {
      "value": "Items.GLASS_BOTTLE"
    },
    "forDogs": false,
    "isAlwaysEdible": true,
    "animation": "drink",
    "hasGlow": false,
    "onEaten": {
      "name": "PollutedWaterBottleFoodEaten"
    }
  }
}