{
  "_fv": 24,
  "_type": "fluid",
  "definition": {
    "name": "Polluted Water",
    "bucketName": "Polluted Water Bucket",
    "textureStill": "pollutedwaterstill",
    "textureFlowing": "pollutedwaterflowing",
    "tintType": "No tint",
    "canMultiply": false,
    "flowRate": 9,
    "levelDecrease": 1,
    "slopeFindDistance": 4,
    "spawnParticles": true,
    "dripParticle": {
      "value": "FALLING_HONEY"
    },
    "flowStrength": 1.6,
    "luminosity": 0,
    "density": 1000,
    "viscosity": 3500,
    "isGas": false,
    "temperature": 295,
    "type": "WATER",
    "generateBucket": true,
    "textureBucket": "",
    "creativeTab": {
      "value": "CUSTOM:BadThings"
    },
    "emptySound": {
      "value": ""
    },
    "rarity": "COMMON",
    "specialInfo": [],
    "resistance": 100.0,
    "luminance": 0,
    "lightOpacity": 0,
    "emissiveRendering": false,
    "tickRate": 10,
    "flammability": 0,
    "fireSpreadSpeed": 0,
    "colorOnMap": "DEFAULT",
    "frequencyOnChunks": 5,
    "spawnWorldTypes": [],
    "restrictionBiomes": [],
    "onBlockAdded": {
      "name": "PollutedWaterBlockAdded"
    },
    "onTickUpdate": {
      "name": "PollutedWaterUpdateTick"
    }
  }
}