{
  "_fv": 24,
  "_type": "achievement",
  "definition": {
    "achievementName": "Recycler",
    "achievementDescription": "Now those plastic bags have somewhere to go!",
    "achievementIcon": {
      "value": "CUSTOM:RecyclerInterface"
    },
    "background": "Default",
    "disableDisplay": false,
    "showPopup": true,
    "announceToChat": true,
    "hideIfNotCompleted": true,
    "rewardLoot": [],
    "rewardRecipes": [],
    "rewardFunction": "No function",
    "rewardXP": 0,
    "achievementType": "challenge",
    "parent": {
      "value": "CUSTOM:Sustainability"
    },
    "triggerxml": "<xml xmlns=\"https://developers.google.com/blockly/xml\"><block type=\"custom_trigger\" x=\"49\" y=\"37\"><next><block type=\"advancement_trigger\" deletable=\"false\"></block></next></block></xml>"
  }
}