{
  "_fv": 24,
  "_type": "recipe",
  "definition": {
    "recipeType": "Crafting",
    "xpReward": 0.0,
    "cookingTime": 200,
    "recipeRetstackSize": 4,
    "group": "",
    "recipeShapeless": true,
    "recipeSlots": [
      {
        "value": "Blocks.SAND"
      },
      {
        "value": "Blocks.SAND"
      },
      {
        "value": "Blocks.SAND"
      },
      {
        "value": "Blocks.SAND"
      },
      {
        "value": "CUSTOM:Rebar"
      },
      {
        "value": "Blocks.GRAVEL"
      },
      {
        "value": "Blocks.GRAVEL"
      },
      {
        "value": "Blocks.GRAVEL"
      },
      {
        "value": "Blocks.GRAVEL"
      }
    ],
    "recipeReturnStack": {
      "value": "CUSTOM:ReinforcedConcrete"
    },
    "name": "reinforced_concrete_recipie",
    "namespace": "mod"
  }
}