{
  "_fv": 24,
  "_type": "achievement",
  "definition": {
    "achievementName": "Sustainability",
    "achievementDescription": "Welcome to [name]!",
    "achievementIcon": {
      "value": "CUSTOM:RecyclerInterface"
    },
    "background": "reinforcedconcrete.png",
    "disableDisplay": false,
    "showPopup": false,
    "announceToChat": false,
    "hideIfNotCompleted": false,
    "rewardLoot": [],
    "rewardRecipes": [],
    "rewardFunction": "No function",
    "rewardXP": 0,
    "achievementType": "task",
    "parent": {
      "value": "No parent: root"
    },
    "triggerxml": "<xml xmlns=\"https://developers.google.com/blockly/xml\"><block type=\"dimension_entered\" x=\"43\" y=\"62\"><field name=\"dimension\">Surface</field><next><block type=\"advancement_trigger\" deletable=\"false\"></block></next></block></xml>"
  }
}