{
  "display": {
    "icon": {
      "item": "sustainability_project:bin_bag"
    },
    "title": {
      "translate": "advancements.rubbish.title"
    },
    "description": {
      "translate": "advancements.rubbish.descr"
    },
    "frame": "task",
    "show_toast": true,
    "announce_to_chat": true,
    "hidden": false
  },
  "criteria": {
    "rubbish": {
      "trigger": "minecraft:inventory_changed",
      "conditions": {
        "items": [
          {
            "items": [
              "sustainability_project:bin_bag"
            ],
            "count": {
              "min": 1,
              "max": 255
            }
          }
        ]
      }
    }
  },
  "parent": "sustainability_project:sustainability"
}