{
  "display": {
    "icon": {
      "item": "sustainability_project:steel_ingot"
    },
    "title": {
      "translate": "advancements.steel_ingot_ad.title"
    },
    "description": {
      "translate": "advancements.steel_ingot_ad.descr"
    },
    "frame": "task",
    "show_toast": true,
    "announce_to_chat": true,
    "hidden": false
  },
  "criteria": {
    "steel_ingot_ad": {
      "trigger": "minecraft:inventory_changed",
      "conditions": {
        "items": [
          {
            "items": [
              "sustainability_project:steel_ingot"
            ],
            "count": {
              "min": 1,
              "max": 255
            }
          }
        ]
      }
    }
  },
  "parent": "sustainability_project:steel_ore_ad"
}