{
  "display": {
    "background": "sustainability_project:textures/reinforcedconcrete.png",
    "icon": {
      "item": "sustainability_project:recycler_interface"
    },
    "title": {
      "translate": "advancements.sustainability.title"
    },
    "description": {
      "translate": "advancements.sustainability.descr"
    },
    "frame": "task",
    "show_toast": false,
    "announce_to_chat": false,
    "hidden": false
  },
  "criteria": {
    "sustainability": {
      "trigger": "minecraft:changed_dimension",
      "conditions": {
        "to": "minecraft:overworld"
      }
    }
  }
}