{
  "credit": "Made with Blockbench",
  "texture_size": [
    64,
    64
  ],
  "elements": [
    {
      "from": [
        2,
        0,
        3
      ],
      "to": [
        3,
        12,
        13
      ],
      "faces": {
        "north": {
          "uv": [
            5,
            6,
            5.25,
            9
          ],
          "texture": "#0"
        },
        "east": {
          "uv": [
            0,
            0,
            2.5,
            3
          ],
          "texture": "#0"
        },
        "south": {
          "uv": [
            5.25,
            6,
            5.5,
            9
          ],
          "texture": "#0"
        },
        "west": {
          "uv": [
            2.5,
            0,
            5,
            3
          ],
          "texture": "#0"
        },
        "up": {
          "uv": [
            7.25,
            8.5,
            7,
            6
          ],
          "texture": "#0"
        },
        "down": {
          "uv": [
            7.5,
            6,
            7.25,
            8.5
          ],
          "texture": "#0"
        }
      }
    },
    {
      "from": [
        3,
        0,
        2
      ],
      "to": [
        13,
        12,
        3
      ],
      "faces": {
        "north": {
          "uv": [
            0,
            3,
            2.5,
            6
          ],
          "texture": "#0"
        },
        "east": {
          "uv": [
            5.5,
            6,
            5.75,
            9
          ],
          "texture": "#0"
        },
        "south": {
          "uv": [
            2.5,
            3,
            5,
            6
          ],
          "texture": "#0"
        },
        "west": {
          "uv": [
            5.75,
            6,
            6,
            9
          ],
          "texture": "#0"
        },
        "up": {
          "uv": [
            10,
            0.25,
            7.5,
            0
          ],
          "texture": "#0"
        },
        "down": {
          "uv": [
            10,
            0.25,
            7.5,
            0.5
          ],
          "texture": "#0"
        }
      }
    },
    {
      "from": [
        13,
        0,
        3
      ],
      "to": [
        14,
        12,
        13
      ],
      "faces": {
        "north": {
          "uv": [
            6,
            6,
            6.25,
            9
          ],
          "texture": "#0"
        },
        "east": {
          "uv": [
            5,
            0,
            7.5,
            3
          ],
          "texture": "#0"
        },
        "south": {
          "uv": [
            6.25,
            6,
            6.5,
            9
          ],
          "texture": "#0"
        },
        "west": {
          "uv": [
            5,
            3,
            7.5,
            6
          ],
          "texture": "#0"
        },
        "up": {
          "uv": [
            7.75,
            3,
            7.5,
            0.5
          ],
          "texture": "#0"
        },
        "down": {
          "uv": [
            7.75,
            3,
            7.5,
            5.5
          ],
          "texture": "#0"
        }
      }
    },
    {
      "from": [
        3,
        0,
        13
      ],
      "to": [
        13,
        12,
        14
      ],
      "faces": {
        "north": {
          "uv": [
            0,
            6,
            2.5,
            9
          ],
          "texture": "#0"
        },
        "east": {
          "uv": [
            6.5,
            6,
            6.75,
            9
          ],
          "texture": "#0"
        },
        "south": {
          "uv": [
            2.5,
            6,
            5,
            9
          ],
          "texture": "#0"
        },
        "west": {
          "uv": [
            6.75,
            6,
            7,
            9
          ],
          "texture": "#0"
        },
        "up": {
          "uv": [
            10,
            5.75,
            7.5,
            5.5
          ],
          "texture": "#0"
        },
        "down": {
          "uv": [
            10,
            5.75,
            7.5,
            6
          ],
          "texture": "#0"
        }
      }
    },
    {
      "from": [
        1,
        12,
        1
      ],
      "to": [
        15,
        13,
        15
      ],
      "faces": {
        "north": {
          "uv": [
            3.5,
            6,
            7,
            6.25
          ],
          "texture": "#1"
        },
        "east": {
          "uv": [
            3.5,
            6.25,
            7,
            6.5
          ],
          "texture": "#1"
        },
        "south": {
          "uv": [
            6.5,
            0,
            10,
            0.25
          ],
          "texture": "#1"
        },
        "west": {
          "uv": [
            6.5,
            0.25,
            10,
            0.5
          ],
          "texture": "#1"
        },
        "up": {
          "uv": [
            3.5,
            3.5,
            0,
            0
          ],
          "texture": "#1"
        },
        "down": {
          "uv": [
            3.5,
            3.5,
            0,
            7
          ],
          "texture": "#1"
        }
      }
    },
    {
      "from": [
        2,
        13,
        2
      ],
      "to": [
        14,
        14,
        14
      ],
      "faces": {
        "north": {
          "uv": [
            6.5,
            0.5,
            9.5,
            0.75
          ],
          "texture": "#1"
        },
        "east": {
          "uv": [
            6.5,
            0.75,
            9.5,
            1
          ],
          "texture": "#1"
        },
        "south": {
          "uv": [
            6.5,
            1,
            9.5,
            1.25
          ],
          "texture": "#1"
        },
        "west": {
          "uv": [
            6.5,
            1.25,
            9.5,
            1.5
          ],
          "texture": "#1"
        },
        "up": {
          "uv": [
            6.5,
            3,
            3.5,
            0
          ],
          "texture": "#1"
        },
        "down": {
          "uv": [
            6.5,
            3,
            3.5,
            6
          ],
          "texture": "#1"
        }
      }
    },
    {
      "from": [
        9,
        14,
        7
      ],
      "to": [
        10,
        15,
        9
      ],
      "faces": {
        "north": {
          "uv": [
            5,
            6.5,
            5.25,
            6.75
          ],
          "texture": "#1"
        },
        "east": {
          "uv": [
            6.5,
            2.5,
            7,
            2.75
          ],
          "texture": "#1"
        },
        "south": {
          "uv": [
            6.5,
            5,
            6.75,
            5.25
          ],
          "texture": "#1"
        },
        "west": {
          "uv": [
            6.5,
            2.75,
            7,
            3
          ],
          "texture": "#1"
        },
        "up": {
          "uv": [
            6.75,
            3.5,
            6.5,
            3
          ],
          "texture": "#1"
        },
        "down": {
          "uv": [
            3.75,
            6.5,
            3.5,
            7
          ],
          "texture": "#1"
        }
      }
    },
    {
      "from": [
        6,
        14,
        7
      ],
      "to": [
        7,
        15,
        9
      ],
      "faces": {
        "north": {
          "uv": [
            5.25,
            6.5,
            5.5,
            6.75
          ],
          "texture": "#1"
        },
        "east": {
          "uv": [
            6.5,
            3.5,
            7,
            3.75
          ],
          "texture": "#1"
        },
        "south": {
          "uv": [
            6.5,
            5.25,
            6.75,
            5.5
          ],
          "texture": "#1"
        },
        "west": {
          "uv": [
            3.75,
            6.5,
            4.25,
            6.75
          ],
          "texture": "#1"
        },
        "up": {
          "uv": [
            6.75,
            4.25,
            6.5,
            3.75
          ],
          "texture": "#1"
        },
        "down": {
          "uv": [
            4.5,
            6.5,
            4.25,
            7
          ],
          "texture": "#1"
        }
      }
    },
    {
      "from": [
        7,
        15,
        7
      ],
      "to": [
        9,
        16,
        9
      ],
      "faces": {
        "north": {
          "uv": [
            6.5,
            4.25,
            7,
            4.5
          ],
          "texture": "#1"
        },
        "east": {
          "uv": [
            4.5,
            6.5,
            5,
            6.75
          ],
          "texture": "#1"
        },
        "south": {
          "uv": [
            6.5,
            4.5,
            7,
            4.75
          ],
          "texture": "#1"
        },
        "west": {
          "uv": [
            6.5,
            4.75,
            7,
            5
          ],
          "texture": "#1"
        },
        "up": {
          "uv": [
            7,
            2,
            6.5,
            1.5
          ],
          "texture": "#1"
        },
        "down": {
          "uv": [
            7,
            2,
            6.5,
            2.5
          ],
          "texture": "#1"
        }
      }
    }
  ],
  "display": {
    "thirdperson_righthand": {
      "rotation": [
        56,
        0,
        0
      ],
      "scale": [
        0.41,
        0.41,
        0.41
      ]
    },
    "thirdperson_lefthand": {
      "rotation": [
        56,
        0,
        0
      ],
      "scale": [
        0.41,
        0.41,
        0.41
      ]
    },
    "firstperson_righthand": {
      "rotation": [
        0,
        31,
        0
      ],
      "scale": [
        0.38,
        0.38,
        0.38
      ]
    },
    "firstperson_lefthand": {
      "rotation": [
        0,
        31,
        0
      ],
      "scale": [
        0.38,
        0.38,
        0.38
      ]
    },
    "ground": {
      "scale": [
        0.48,
        0.48,
        0.48
      ]
    },
    "gui": {
      "rotation": [
        45,
        45,
        0
      ],
      "scale": [
        0.69,
        0.69,
        0.69
      ]
    },
    "head": {
      "translation": [
        0,
        1,
        0
      ],
      "scale": [
        1.31,
        1.31,
        1.31
      ]
    }
  }
}