{
  "credit": "Made with Blockbench",
  "elements": [
    {
      "from": [
        6,
        6,
        6
      ],
      "to": [
        10,
        10,
        10
      ],
      "faces": {
        "north": {
          "uv": [
            0,
            0,
            4,
            4
          ],
          "texture": "#0"
        },
        "east": {
          "uv": [
            0,
            4,
            4,
            8
          ],
          "texture": "#0"
        },
        "south": {
          "uv": [
            4,
            0,
            8,
            4
          ],
          "texture": "#0"
        },
        "west": {
          "uv": [
            4,
            4,
            8,
            8
          ],
          "texture": "#0"
        },
        "up": {
          "uv": [
            4,
            12,
            0,
            8
          ],
          "texture": "#0"
        },
        "down": {
          "uv": [
            12,
            0,
            8,
            4
          ],
          "texture": "#0"
        }
      }
    },
    {
      "from": [
        10,
        7,
        7
      ],
      "to": [
        16,
        9,
        9
      ],
      "faces": {
        "north": {
          "uv": [
            0,
            0,
            6,
            2
          ],
          "texture": "#6"
        },
        "east": {
          "uv": [
            6,
            0,
            8,
            2
          ],
          "texture": "#6"
        },
        "south": {
          "uv": [
            0,
            2,
            6,
            4
          ],
          "texture": "#6"
        },
        "west": {
          "uv": [
            6,
            2,
            8,
            4
          ],
          "texture": "#6"
        },
        "up": {
          "uv": [
            6,
            6,
            0,
            4
          ],
          "texture": "#6"
        },
        "down": {
          "uv": [
            6,
            6,
            0,
            8
          ],
          "texture": "#6"
        }
      }
    },
    {
      "from": [
        7,
        7,
        10
      ],
      "to": [
        9,
        9,
        16
      ],
      "faces": {
        "north": {
          "uv": [
            4,
            4,
            6,
            6
          ],
          "texture": "#4"
        },
        "east": {
          "uv": [
            0,
            0,
            6,
            2
          ],
          "texture": "#4"
        },
        "south": {
          "uv": [
            6,
            0,
            8,
            2
          ],
          "texture": "#4"
        },
        "west": {
          "uv": [
            0,
            2,
            6,
            4
          ],
          "texture": "#4"
        },
        "up": {
          "uv": [
            2,
            10,
            0,
            4
          ],
          "texture": "#4"
        },
        "down": {
          "uv": [
            4,
            4,
            2,
            10
          ],
          "texture": "#4"
        }
      }
    }
  ],
  "display": {}
}