{
  "credit": "Made with Blockbench",
  "texture_size": [
    32,
    32
  ],
  "elements": [
    {
      "from": [
        0,
        0,
        0
      ],
      "to": [
        16,
        1,
        16
      ],
      "faces": {
        "north": {
          "uv": [
            8,
            0,
            16,
            0.5
          ],
          "texture": "#0"
        },
        "east": {
          "uv": [
            8,
            0.5,
            16,
            1
          ],
          "texture": "#0"
        },
        "south": {
          "uv": [
            8,
            1,
            16,
            1.5
          ],
          "texture": "#0"
        },
        "west": {
          "uv": [
            8,
            1.5,
            16,
            2
          ],
          "texture": "#0"
        },
        "up": {
          "uv": [
            8,
            8,
            0,
            0
          ],
          "texture": "#0"
        },
        "down": {
          "uv": [
            8,
            8,
            0,
            16
          ],
          "texture": "#0"
        }
      }
    },
    {
      "from": [
        0.3,
        1,
        0.3
      ],
      "to": [
        15.7,
        1.3,
        15.7
      ],
      "faces": {
        "north": {
          "uv": [
            7.5,
            0,
            15,
            0.5
          ],
          "texture": "#1"
        },
        "east": {
          "uv": [
            7.5,
            0.5,
            15,
            1
          ],
          "texture": "#1"
        },
        "south": {
          "uv": [
            7.5,
            1,
            15,
            1.5
          ],
          "texture": "#1"
        },
        "west": {
          "uv": [
            7.5,
            1.5,
            15,
            2
          ],
          "texture": "#1"
        },
        "up": {
          "uv": [
            7.5,
            7.5,
            0,
            0
          ],
          "texture": "#1"
        },
        "down": {
          "uv": [
            7.5,
            7.5,
            0,
            15
          ],
          "texture": "#1"
        }
      }
    }
  ],
  "display": {
    "thirdperson_righthand": {
      "rotation": [
        67.5,
        0,
        0
      ],
      "translation": [
        0,
        2.25,
        2.25
      ],
      "scale": [
        0.34,
        0.34,
        0.34
      ]
    },
    "thirdperson_lefthand": {
      "rotation": [
        67.5,
        0,
        0
      ],
      "translation": [
        0,
        2.25,
        2.25
      ],
      "scale": [
        0.34,
        0.34,
        0.34
      ]
    },
    "firstperson_righthand": {
      "rotation": [
        0,
        -45,
        0
      ],
      "translation": [
        0,
        3.75,
        0
      ],
      "scale": [
        0.52,
        0.52,
        0.52
      ]
    },
    "firstperson_lefthand": {
      "rotation": [
        0,
        -45,
        0
      ],
      "translation": [
        0,
        3.75,
        0
      ],
      "scale": [
        0.52,
        0.52,
        0.52
      ]
    },
    "ground": {
      "translation": [
        0,
        1.25,
        0
      ],
      "scale": [
        0.6,
        0.6,
        0.6
      ]
    },
    "gui": {
      "rotation": [
        45,
        45,
        0
      ],
      "translation": [
        0,
        3,
        0
      ],
      "scale": [
        0.62,
        0.62,
        0.62
      ]
    },
    "head": {
      "translation": [
        0,
        11.25,
        0
      ],
      "scale": [
        0.61,
        0.61,
        0.61
      ]
    },
    "fixed": {
      "rotation": [
        -90,
        0,
        0
      ],
      "translation": [
        0,
        0,
        -7.5
      ]
    }
  }
}