{
  "parent": "block/cube",
  "textures": {
    "down": "sustainability_project:blocks/mechanicalpistonbottom",
    "up": "sustainability_project:blocks/mechanicalpistontop",
    "north": "sustainability_project:blocks/mechanicalpiston",
    "east": "sustainability_project:blocks/mechanicalpiston",
    "south": "sustainability_project:blocks/mechanicalpiston",
    "west": "sustainability_project:blocks/mechanicalpiston",
    "particle": "sustainability_project:blocks/mechanicalpistonbottom"
  }
}