{
  "parent": "block/cube",
  "textures": {
    "down": "sustainability_project:blocks/reinforcedconcrete",
    "up": "sustainability_project:blocks/reinforcedconcrete",
    "north": "sustainability_project:blocks/reinforcedconcrete",
    "east": "sustainability_project:blocks/reinforcedconcrete",
    "south": "sustainability_project:blocks/reinforcedconcrete",
    "west": "sustainability_project:blocks/reinforcedconcrete",
    "particle": "sustainability_project:blocks/reinforcedconcrete"
  }
}