{
	"credit": "Made with Blockbench",
	"texture_size": [64, 64],
	"textures": {
		"0": "carbon_sink_grill",
		"1": "carbon_sink_main",
		"particle": "carbon_sink_grill"
	},
	"elements": [
		{
			"from": [0, 0, 1],
			"to": [16, 1, 16],
			"faces": {
				"north": {"uv": [11.5, 6.5, 15.5, 6.75], "texture": "#1"},
				"east": {"uv": [11.5, 9, 15.25, 9.25], "texture": "#1"},
				"south": {"uv": [11.5, 6.75, 15.5, 7], "texture": "#1"},
				"west": {"uv": [11.5, 9.25, 15.25, 9.5], "texture": "#1"},
				"up": {"uv": [4, 3.75, 0, 0], "texture": "#1"},
				"down": {"uv": [4, 3.75, 0, 7.5], "texture": "#1"}
			}
		},
		{
			"from": [0, 15, 1],
			"to": [16, 16, 16],
			"faces": {
				"north": {"uv": [11.5, 7, 15.5, 7.25], "texture": "#1"},
				"east": {"uv": [11.5, 9.5, 15.25, 9.75], "texture": "#1"},
				"south": {"uv": [11.5, 7.25, 15.5, 7.5], "texture": "#1"},
				"west": {"uv": [11.5, 9.75, 15.25, 10], "texture": "#1"},
				"up": {"uv": [8, 3.75, 4, 0], "texture": "#1"},
				"down": {"uv": [8, 3.75, 4, 7.5], "texture": "#1"}
			}
		},
		{
			"from": [0, 1, 15],
			"to": [16, 15, 16],
			"faces": {
				"north": {"uv": [0, 7.5, 4, 11], "texture": "#1"},
				"east": {"uv": [5, 11.5, 5.25, 15], "texture": "#1"},
				"south": {"uv": [4, 7.5, 8, 11], "texture": "#1"},
				"west": {"uv": [5.25, 11.5, 5.5, 15], "texture": "#1"},
				"up": {"uv": [15.5, 7.75, 11.5, 7.5], "texture": "#1"},
				"down": {"uv": [15.5, 7.75, 11.5, 8], "texture": "#1"}
			}
		},
		{
			"from": [15, 1, 1],
			"to": [16, 15, 15],
			"faces": {
				"north": {"uv": [5.5, 11.5, 5.75, 15], "texture": "#1"},
				"east": {"uv": [8, 0, 11.5, 3.5], "texture": "#1"},
				"south": {"uv": [5.75, 11.5, 6, 15], "texture": "#1"},
				"west": {"uv": [8, 3.5, 11.5, 7], "texture": "#1"},
				"up": {"uv": [6.25, 15, 6, 11.5], "texture": "#1"},
				"down": {"uv": [6.5, 11.5, 6.25, 15], "texture": "#1"}
			}
		},
		{
			"from": [0, 1, 1],
			"to": [1, 15, 15],
			"faces": {
				"north": {"uv": [6.5, 11.5, 6.75, 15], "texture": "#1"},
				"east": {"uv": [8, 7, 11.5, 10.5], "texture": "#1"},
				"south": {"uv": [6.75, 11.5, 7, 15], "texture": "#1"},
				"west": {"uv": [8, 10.5, 11.5, 14], "texture": "#1"},
				"up": {"uv": [7.25, 15, 7, 11.5], "texture": "#1"},
				"down": {"uv": [7.5, 11.5, 7.25, 15], "texture": "#1"}
			}
		},
		{
			"from": [0, 0, 0],
			"to": [16, 2, 1],
			"faces": {
				"north": {"uv": [0, 11, 4, 11.5], "texture": "#1"},
				"east": {"uv": [0, 12, 0.25, 12.5], "texture": "#1"},
				"south": {"uv": [4, 11, 8, 11.5], "texture": "#1"},
				"west": {"uv": [0.25, 12, 0.5, 12.5], "texture": "#1"},
				"up": {"uv": [15.5, 8.25, 11.5, 8], "texture": "#1"},
				"down": {"uv": [15.5, 8.25, 11.5, 8.5], "texture": "#1"}
			}
		},
		{
			"from": [0, 14, 0],
			"to": [16, 16, 1],
			"faces": {
				"north": {"uv": [0, 11.5, 4, 12], "texture": "#1"},
				"east": {"uv": [0.5, 12, 0.75, 12.5], "texture": "#1"},
				"south": {"uv": [11.5, 0, 15.5, 0.5], "texture": "#1"},
				"west": {"uv": [12, 0.5, 12.25, 1], "texture": "#1"},
				"up": {"uv": [15.5, 8.75, 11.5, 8.5], "texture": "#1"},
				"down": {"uv": [15.5, 8.75, 11.5, 9], "texture": "#1"}
			}
		},
		{
			"from": [14, 2, 0],
			"to": [16, 14, 1],
			"faces": {
				"north": {"uv": [11.5, 0.5, 12, 3.5], "texture": "#1"},
				"east": {"uv": [7.5, 11.5, 7.75, 14.5], "texture": "#1"},
				"south": {"uv": [11.5, 3.5, 12, 6.5], "texture": "#1"},
				"west": {"uv": [7.75, 11.5, 8, 14.5], "texture": "#1"},
				"up": {"uv": [1.25, 12.25, 0.75, 12], "texture": "#1"},
				"down": {"uv": [12.5, 1, 12, 1.25], "texture": "#1"}
			}
		},
		{
			"from": [0, 2, 0],
			"to": [2, 14, 1],
			"faces": {
				"north": {"uv": [4, 11.5, 4.5, 14.5], "texture": "#1"},
				"east": {"uv": [11.5, 10, 11.75, 13], "texture": "#1"},
				"south": {"uv": [4.5, 11.5, 5, 14.5], "texture": "#1"},
				"west": {"uv": [11.75, 10, 12, 13], "texture": "#1"},
				"up": {"uv": [1.75, 12.25, 1.25, 12], "texture": "#1"},
				"down": {"uv": [12.5, 1.25, 12, 1.5], "texture": "#1"}
			}
		},
		{
			"from": [3, 2, 0],
			"to": [4, 14, 1],
			"faces": {
				"north": {"uv": [0, 0, 0.5, 6], "texture": "#0"},
				"east": {"uv": [0.5, 0, 1, 6], "texture": "#0"},
				"south": {"uv": [1, 0, 1.5, 6], "texture": "#0"},
				"west": {"uv": [1.5, 0, 2, 6], "texture": "#0"},
				"up": {"uv": [8, 6.5, 7.5, 6], "texture": "#0"},
				"down": {"uv": [8, 6.5, 7.5, 7], "texture": "#0"}
			}
		},
		{
			"from": [6, 2, 0],
			"to": [7, 14, 1],
			"faces": {
				"north": {"uv": [2, 0, 2.5, 6], "texture": "#0"},
				"east": {"uv": [2.5, 0, 3, 6], "texture": "#0"},
				"south": {"uv": [3, 0, 3.5, 6], "texture": "#0"},
				"west": {"uv": [3.5, 0, 4, 6], "texture": "#0"},
				"up": {"uv": [8, 7.5, 7.5, 7], "texture": "#0"},
				"down": {"uv": [8, 7.5, 7.5, 8], "texture": "#0"}
			}
		},
		{
			"from": [9, 2, 0],
			"to": [10, 14, 1],
			"faces": {
				"north": {"uv": [4, 0, 4.5, 6], "texture": "#0"},
				"east": {"uv": [4.5, 0, 5, 6], "texture": "#0"},
				"south": {"uv": [5, 0, 5.5, 6], "texture": "#0"},
				"west": {"uv": [5.5, 0, 6, 6], "texture": "#0"},
				"up": {"uv": [2, 8.5, 1.5, 8], "texture": "#0"},
				"down": {"uv": [2.5, 8, 2, 8.5], "texture": "#0"}
			}
		},
		{
			"from": [12, 2, 0],
			"to": [13, 14, 1],
			"faces": {
				"north": {"uv": [0, 6, 0.5, 12], "texture": "#0"},
				"east": {"uv": [6, 0, 6.5, 6], "texture": "#0"},
				"south": {"uv": [0.5, 6, 1, 12], "texture": "#0"},
				"west": {"uv": [1, 6, 1.5, 12], "texture": "#0"},
				"up": {"uv": [3, 8.5, 2.5, 8], "texture": "#0"},
				"down": {"uv": [3.5, 8, 3, 8.5], "texture": "#0"}
			}
		},
		{
			"from": [2, 6, 0],
			"to": [14, 7, 1],
			"faces": {
				"north": {"uv": [1.5, 6, 7.5, 6.5], "texture": "#0"},
				"east": {"uv": [3.5, 8, 4, 8.5], "texture": "#0"},
				"south": {"uv": [6.5, 0, 12.5, 0.5], "texture": "#0"},
				"west": {"uv": [4, 8, 4.5, 8.5], "texture": "#0"},
				"up": {"uv": [12.5, 1, 6.5, 0.5], "texture": "#0"},
				"down": {"uv": [12.5, 1, 6.5, 1.5], "texture": "#0"}
			}
		},
		{
			"from": [2, 3, 0],
			"to": [14, 4, 1],
			"faces": {
				"north": {"uv": [1.5, 6.5, 7.5, 7], "texture": "#0"},
				"east": {"uv": [4.5, 8, 5, 8.5], "texture": "#0"},
				"south": {"uv": [6.5, 1.5, 12.5, 2], "texture": "#0"},
				"west": {"uv": [5, 8, 5.5, 8.5], "texture": "#0"},
				"up": {"uv": [12.5, 2.5, 6.5, 2], "texture": "#0"},
				"down": {"uv": [12.5, 2.5, 6.5, 3], "texture": "#0"}
			}
		},
		{
			"from": [2, 9, 0],
			"to": [14, 10, 1],
			"faces": {
				"north": {"uv": [6.5, 3, 12.5, 3.5], "texture": "#0"},
				"east": {"uv": [5.5, 8, 6, 8.5], "texture": "#0"},
				"south": {"uv": [6.5, 3.5, 12.5, 4], "texture": "#0"},
				"west": {"uv": [6, 8, 6.5, 8.5], "texture": "#0"},
				"up": {"uv": [12.5, 4.5, 6.5, 4], "texture": "#0"},
				"down": {"uv": [12.5, 4.5, 6.5, 5], "texture": "#0"}
			}
		},
		{
			"from": [2, 12, 0],
			"to": [14, 13, 1],
			"faces": {
				"north": {"uv": [6.5, 5, 12.5, 5.5], "texture": "#0"},
				"east": {"uv": [8, 6, 8.5, 6.5], "texture": "#0"},
				"south": {"uv": [6.5, 5.5, 12.5, 6], "texture": "#0"},
				"west": {"uv": [6.5, 8, 7, 8.5], "texture": "#0"},
				"up": {"uv": [7.5, 7.5, 1.5, 7], "texture": "#0"},
				"down": {"uv": [7.5, 7.5, 1.5, 8], "texture": "#0"}
			}
		}
	],
	"groups": [
		{
			"name": "Case",
			"origin": [0, 0, 0],
			"color": 0,
			"children": [0, 1, 2, 3, 4, 5, 6, 7, 8]
		},
		{
			"name": "Grill",
			"origin": [8, 8, 8],
			"color": 0,
			"children": [9, 10, 11, 12, 13, 14, 15, 16]
		}
	]
}