{
	"credit": "Made with Blockbench",
	"texture_size": [64, 64],
	"textures": {
		"0": "small_floating_plastic_sink_float_texture",
		"1": "small_floating_plastic_sink_bin_texture",
		"2": "small_floating_plastic_sink_rim_texture",
		"particle": "small_floating_plastic_sink_float_texture"
	},
	"elements": [
		{
			"from": [0, 12, -2],
			"to": [16, 17, 0],
			"faces": {
				"north": {"uv": [0, 5, 4, 6.25], "texture": "#0"},
				"east": {"uv": [6, 5.75, 6.5, 7], "texture": "#0"},
				"south": {"uv": [5, 0, 9, 1.25], "texture": "#0"},
				"west": {"uv": [0, 6.25, 0.5, 7.5], "texture": "#0"},
				"up": {"uv": [10, 4.25, 6, 3.75], "texture": "#0"},
				"down": {"uv": [10, 4.25, 6, 4.75], "texture": "#0"}
			}
		},
		{
			"from": [-2, 12, -2],
			"to": [0, 17, 18],
			"faces": {
				"north": {"uv": [0.5, 6.25, 1, 7.5], "texture": "#0"},
				"east": {"uv": [0, 0, 5, 1.25], "texture": "#0"},
				"south": {"uv": [1, 6.25, 1.5, 7.5], "texture": "#0"},
				"west": {"uv": [0, 1.25, 5, 2.5], "texture": "#0"},
				"up": {"uv": [5.5, 8.75, 5, 3.75], "texture": "#0"},
				"down": {"uv": [4.5, 5, 4, 10], "texture": "#0"}
			}
		},
		{
			"from": [0, 12, 16],
			"to": [16, 17, 18],
			"faces": {
				"north": {"uv": [5, 1.25, 9, 2.5], "texture": "#0"},
				"east": {"uv": [1.5, 6.25, 2, 7.5], "texture": "#0"},
				"south": {"uv": [5, 2.5, 9, 3.75], "texture": "#0"},
				"west": {"uv": [2, 6.25, 2.5, 7.5], "texture": "#0"},
				"up": {"uv": [10, 5.25, 6, 4.75], "texture": "#0"},
				"down": {"uv": [10, 5.25, 6, 5.75], "texture": "#0"}
			}
		},
		{
			"from": [16, 12, -2],
			"to": [18, 17, 18],
			"faces": {
				"north": {"uv": [2.5, 6.25, 3, 7.5], "texture": "#0"},
				"east": {"uv": [0, 2.5, 5, 3.75], "texture": "#0"},
				"south": {"uv": [3, 6.25, 3.5, 7.5], "texture": "#0"},
				"west": {"uv": [0, 3.75, 5, 5], "texture": "#0"},
				"up": {"uv": [5, 10, 4.5, 5], "texture": "#0"},
				"down": {"uv": [6, 3.75, 5.5, 8.75], "texture": "#0"}
			}
		},
		{
			"from": [0, 0, 15],
			"to": [16, 14, 16],
			"faces": {
				"north": {"uv": [0, 0, 4, 3.5], "texture": "#1"},
				"east": {"uv": [3.5, 10.75, 3.75, 14.25], "texture": "#1"},
				"south": {"uv": [0, 3.5, 4, 7], "texture": "#1"},
				"west": {"uv": [3.75, 10.75, 4, 14.25], "texture": "#1"},
				"up": {"uv": [7.5, 10.75, 3.5, 10.5], "texture": "#1"},
				"down": {"uv": [14.5, 7, 10.5, 7.25], "texture": "#1"}
			}
		},
		{
			"from": [15, 0, 1],
			"to": [16, 14, 15],
			"faces": {
				"north": {"uv": [4, 10.75, 4.25, 14.25], "texture": "#1"},
				"east": {"uv": [0, 7, 3.5, 10.5], "texture": "#1"},
				"south": {"uv": [4.25, 10.75, 4.5, 14.25], "texture": "#1"},
				"west": {"uv": [3.5, 7, 7, 10.5], "texture": "#1"},
				"up": {"uv": [4.75, 14.25, 4.5, 10.75], "texture": "#1"},
				"down": {"uv": [5, 10.75, 4.75, 14.25], "texture": "#1"}
			}
		},
		{
			"from": [0, 0, 0],
			"to": [16, 14, 1],
			"faces": {
				"north": {"uv": [4, 0, 8, 3.5], "texture": "#1"},
				"east": {"uv": [5, 10.75, 5.25, 14.25], "texture": "#1"},
				"south": {"uv": [4, 3.5, 8, 7], "texture": "#1"},
				"west": {"uv": [5.25, 10.75, 5.5, 14.25], "texture": "#1"},
				"up": {"uv": [14.5, 7.5, 10.5, 7.25], "texture": "#1"},
				"down": {"uv": [11.5, 10.5, 7.5, 10.75], "texture": "#1"}
			}
		},
		{
			"from": [0, 0, 1],
			"to": [1, 14, 15],
			"faces": {
				"north": {"uv": [5.5, 10.75, 5.75, 14.25], "texture": "#1"},
				"east": {"uv": [7, 7, 10.5, 10.5], "texture": "#1"},
				"south": {"uv": [5.75, 10.75, 6, 14.25], "texture": "#1"},
				"west": {"uv": [8, 0, 11.5, 3.5], "texture": "#1"},
				"up": {"uv": [6.25, 14.25, 6, 10.75], "texture": "#1"},
				"down": {"uv": [6.5, 10.75, 6.25, 14.25], "texture": "#1"}
			}
		},
		{
			"from": [1, 0, 1],
			"to": [15, 1, 15],
			"faces": {
				"north": {"uv": [10.5, 7.5, 14, 7.75], "texture": "#1"},
				"east": {"uv": [10.5, 7.75, 14, 8], "texture": "#1"},
				"south": {"uv": [10.5, 8, 14, 8.25], "texture": "#1"},
				"west": {"uv": [10.5, 8.25, 14, 8.5], "texture": "#1"},
				"up": {"uv": [11.5, 7, 8, 3.5], "texture": "#1"},
				"down": {"uv": [3.5, 10.5, 0, 14], "texture": "#1"}
			}
		},
		{
			"from": [15, 14, 0],
			"to": [16, 17.5, 16],
			"faces": {
				"north": {"uv": [0.5, 6, 0.75, 7], "texture": "#2"},
				"east": {"uv": [0, 0, 4, 1], "texture": "#2"},
				"south": {"uv": [0.75, 6, 1, 7], "texture": "#2"},
				"west": {"uv": [0, 1, 4, 2], "texture": "#2"},
				"up": {"uv": [4.25, 7, 4, 3], "texture": "#2"},
				"down": {"uv": [3.75, 4, 3.5, 8], "texture": "#2"}
			}
		},
		{
			"from": [1, 14, 0],
			"to": [15, 17.5, 1],
			"faces": {
				"north": {"uv": [0, 4, 3.5, 5], "texture": "#2"},
				"east": {"uv": [1, 6, 1.25, 7], "texture": "#2"},
				"south": {"uv": [4, 0, 7.5, 1], "texture": "#2"},
				"west": {"uv": [1.25, 6, 1.5, 7], "texture": "#2"},
				"up": {"uv": [8, 3.25, 4.5, 3], "texture": "#2"},
				"down": {"uv": [8, 3.25, 4.5, 3.5], "texture": "#2"}
			}
		},
		{
			"from": [1, 14, 15],
			"to": [15, 17.5, 16],
			"faces": {
				"north": {"uv": [4, 1, 7.5, 2], "texture": "#2"},
				"east": {"uv": [1.5, 6, 1.75, 7], "texture": "#2"},
				"south": {"uv": [4, 2, 7.5, 3], "texture": "#2"},
				"west": {"uv": [1.75, 6, 2, 7], "texture": "#2"},
				"up": {"uv": [8, 3.75, 4.5, 3.5], "texture": "#2"},
				"down": {"uv": [8, 3.75, 4.5, 4], "texture": "#2"}
			}
		},
		{
			"from": [0, 14, 0],
			"to": [1, 17.5, 16],
			"faces": {
				"north": {"uv": [2, 6, 2.25, 7], "texture": "#2"},
				"east": {"uv": [0, 2, 4, 3], "texture": "#2"},
				"south": {"uv": [2.25, 6, 2.5, 7], "texture": "#2"},
				"west": {"uv": [0, 3, 4, 4], "texture": "#2"},
				"up": {"uv": [4, 8, 3.75, 4], "texture": "#2"},
				"down": {"uv": [4.5, 3, 4.25, 7], "texture": "#2"}
			}
		},
		{
			"from": [1, 16, 14],
			"to": [15, 16.1, 15],
			"faces": {
				"north": {"uv": [4.5, 4, 8, 4.25], "texture": "#2"},
				"east": {"uv": [2.5, 6, 2.75, 6.25], "texture": "#2"},
				"south": {"uv": [4.5, 4.25, 8, 4.5], "texture": "#2"},
				"west": {"uv": [2.75, 6, 3, 6.25], "texture": "#2"},
				"up": {"uv": [8, 4.75, 4.5, 4.5], "texture": "#2"},
				"down": {"uv": [8, 4.75, 4.5, 5], "texture": "#2"}
			}
		},
		{
			"from": [1, 16, 1],
			"to": [15, 16.1, 2],
			"faces": {
				"north": {"uv": [0, 5, 3.5, 5.25], "texture": "#2"},
				"east": {"uv": [4.5, 6, 4.75, 6.25], "texture": "#2"},
				"south": {"uv": [4.5, 5, 8, 5.25], "texture": "#2"},
				"west": {"uv": [4.75, 6, 5, 6.25], "texture": "#2"},
				"up": {"uv": [3.5, 5.5, 0, 5.25], "texture": "#2"},
				"down": {"uv": [8, 5.25, 4.5, 5.5], "texture": "#2"}
			}
		},
		{
			"from": [1, 16, 2],
			"to": [2, 16.1, 14],
			"faces": {
				"north": {"uv": [5, 6, 5.25, 6.25], "texture": "#2"},
				"east": {"uv": [0, 5.5, 3, 5.75], "texture": "#2"},
				"south": {"uv": [5.25, 6, 5.5, 6.25], "texture": "#2"},
				"west": {"uv": [4.5, 5.5, 7.5, 5.75], "texture": "#2"},
				"up": {"uv": [3.25, 8.5, 3, 5.5], "texture": "#2"},
				"down": {"uv": [3.5, 5.5, 3.25, 8.5], "texture": "#2"}
			}
		},
		{
			"from": [14, 16, 2],
			"to": [15, 16.1, 14],
			"faces": {
				"north": {"uv": [5.5, 6, 5.75, 6.25], "texture": "#2"},
				"east": {"uv": [0, 5.75, 3, 6], "texture": "#2"},
				"south": {"uv": [5.75, 6, 6, 6.25], "texture": "#2"},
				"west": {"uv": [4.5, 5.75, 7.5, 6], "texture": "#2"},
				"up": {"uv": [0.25, 9, 0, 6], "texture": "#2"},
				"down": {"uv": [0.5, 6, 0.25, 9], "texture": "#2"}
			}
		}
	],
	"display": {
		"thirdperson_righthand": {
			"rotation": [67, 0, 0],
			"translation": [0, 1.5, 0.75],
			"scale": [0.41, 0.41, 0.41]
		},
		"thirdperson_lefthand": {
			"rotation": [67, 0, 0],
			"translation": [0, 1.5, 0.75],
			"scale": [0.41, 0.41, 0.41]
		},
		"firstperson_righthand": {
			"rotation": [0, -46, 0],
			"translation": [-0.25, 0, -0.5],
			"scale": [0.46, 0.46, 0.46]
		},
		"firstperson_lefthand": {
			"rotation": [0, -46, 0],
			"translation": [-0.25, 0, -0.5],
			"scale": [0.46, 0.46, 0.46]
		},
		"ground": {
			"translation": [0, -0.25, 0],
			"scale": [0.45, 0.45, 0.45]
		},
		"gui": {
			"rotation": [45, 45, 0],
			"translation": [0, -0.25, 0],
			"scale": [0.53, 0.53, 0.53]
		},
		"head": {
			"rotation": [-180, 0, 0],
			"translation": [0, 1.5, 0]
		},
		"fixed": {
			"scale": [0.76, 0.76, 0.76]
		}
	},
	"groups": [
		{
			"name": "Float",
			"origin": [0, 0, 0],
			"color": 0,
			"children": [0, 1, 2, 3]
		},
		{
			"name": "Bin",
			"origin": [0, 0, 0],
			"color": 0,
			"children": [4, 5, 6, 7, 8]
		},
		{
			"name": "Rim",
			"origin": [0, 0, 0],
			"color": 0,
			"children": [9, 10, 11, 12, 13, 14, 15, 16]
		}
	]
}